Date,aportes,volumen_util,porcentaje_util
2021-01-02,124.7643,12162.1061,0.71863
2021-01-03,131.5504,12162.884,0.71867
2021-01-04,106.5009,12119.5957,0.71612
2021-01-05,108.0407,12072.1131,0.71331
2021-01-06,105.5714,12020.4547,0.71026
2021-01-07,114.0857,11979.1088,0.70781
2021-01-08,130.36,11965.8698,0.70703
2021-01-09,125.3714,11950.1185,0.7061
2021-01-10,158.5331,11961.2747,0.70676
2021-01-11,197.0652,12022.4363,0.71037
2021-01-12,141.9759,12003.3496,0.70925
2021-01-13,112.2466,11945.7835,0.70585
2021-01-14,95.1201,11870.2379,0.70138
2021-01-15,82.7822,11781.1282,0.69612
2021-01-16,80.1107,11696.2937,0.6911
2021-01-17,78.4832,11637.9566,0.68766
2021-01-18,71.193,11533.6653,0.68149
2021-01-19,69.7245,11444.5683,0.67623
2021-01-20,66.8775,11357.5576,0.67109
2021-01-21,65.2805,11259.7846,0.66531
2021-01-22,70.0438,11181.5595,0.66069
2021-01-23,91.2963,11139.764,0.65822
2021-01-24,90.7542,11115.1948,0.65677
2021-01-25,98.8405,11072.3446,0.65424
2021-01-26,89.5244,11013.6089,0.65077
2021-01-27,75.01,10942.8216,0.64658
2021-01-28,70.3191,10863.5339,0.6419
2021-01-29,69.3087,10770.9018,0.63642
2021-01-30,63.4537,10690.5968,0.63168
2021-01-31,59.1457,10624.7827,0.62779
2021-02-01,63.6557,10539.0379,0.62272
2021-02-02,76.7605,10451.2836,0.61754
2021-02-03,72.1365,10388.0743,0.6138
2021-02-04,67.1424,10299.5471,0.60857
2021-02-05,93.2939,10241.624,0.60515
2021-02-06,79.9086,10173.9884,0.60115
2021-02-07,63.4836,10113.2668,0.59757
2021-02-08,68.3745,10029.6506,0.59263
2021-02-09,95.0759,9995.1697,0.59059
2021-02-10,103.1232,9931.9206,0.58685
2021-02-11,86.8544,9863.2077,0.58279
2021-02-12,80.7929,9796.6153,0.57886
2021-02-13,77.342,9734.6601,0.5752
2021-02-14,71.5999,9685.0783,0.57227
2021-02-15,90.6947,9631.2281,0.56908
2021-02-16,68.8678,9550.632,0.56432
2021-02-17,70.1784,9461.9973,0.55909
2021-02-18,77.6513,9386.2314,0.55461
2021-02-19,95.2736,9339.7756,0.55186
2021-02-20,87.3406,9280.5895,0.54837
2021-02-21,94.8501,9253.3534,0.54676
2021-02-22,105.0335,9214.572,0.54447
2021-02-23,94.8812,9161.1072,0.54131
2021-02-24,85.3516,9089.9455,0.5371
2021-02-25,125.4798,9063.1697,0.53552
2021-02-26,146.3252,9040.6449,0.53419
2021-02-27,145.6941,9054.5731,0.53501
2021-02-28,121.747,9053.0263,0.53492
2021-03-01,124.9394,9034.5008,0.53383
2021-03-02,152.6926,9042.6145,0.5343
2021-03-03,142.9879,9031.3348,0.53364
2021-03-04,122.7543,8999.4548,0.53175
2021-03-05,132.6009,8974.9134,0.5303
2021-03-06,111.0965,8966.1242,0.52979
2021-03-07,157.2669,9012.4743,0.53252
2021-03-08,220.456,9076.5568,0.53631
2021-03-09,130.3826,9059.1988,0.53528
2021-03-10,138.8121,9030.9604,0.53362
2021-03-11,131.0127,8994.6969,0.53147
2021-03-12,186.3901,9032.1508,0.53369
2021-03-13,188.1663,9077.1908,0.53635
2021-03-14,154.4757,9096.6524,0.5375
2021-03-15,186.6836,9127.4695,0.53932
2021-03-16,240.9332,9190.1141,0.54302
2021-03-17,223.8842,9250.9466,0.54661
2021-03-18,284.9076,9347.4408,0.55232
2021-03-19,238.8865,9391.2029,0.5549
2021-03-20,258.3022,9457.3132,0.55881
2021-03-21,227.0786,9511.8112,0.56203
2021-03-22,228.5888,9571.4479,0.56555
2021-03-23,191.7553,9573.3319,0.56566
2021-03-24,262.5035,9636.4303,0.56939
2021-03-25,176.273,9633.2781,0.56921
2021-03-26,209.6948,9663.3231,0.57098
2021-03-27,221.2062,9716.9949,0.57415
2021-03-28,160.9228,9731.1579,0.57499
2021-03-29,181.142,9729.4501,0.57489
2021-03-30,235.4209,9783.5305,0.57808
2021-03-31,185.303,9794.8261,0.57875
2021-04-01,165.2097,9806.823,0.57946
2021-04-02,147.2359,9819.3608,0.5802
2021-04-03,186.8736,9868.4293,0.5831
2021-04-04,186.2558,9924.2429,0.5864
2021-04-05,210.957,9944.8589,0.58762
2021-04-06,248.3828,10018.1971,0.59195
2021-04-07,180.8985,10033.1626,0.59283
2021-04-08,171.884,10038.4563,0.59315
2021-04-09,274.9503,10150.0712,0.59974
2021-04-10,178.2086,10165.4949,0.60065
2021-04-11,164.527,10180.5716,0.60154
2021-04-12,320.5496,10340.5284,0.611
2021-04-13,172.9938,10338.834,0.6109
2021-04-14,153.9175,10317.3641,0.60963
2021-04-15,179.1343,10316.4884,0.60957
2021-04-16,177.0486,10331.4747,0.61046
2021-04-17,214.62,10376.5354,0.61312
2021-04-18,176.2696,10403.6006,0.61472
2021-04-19,156.0165,10396.5592,0.61431
2021-04-20,121.9294,10344.8555,0.61125
2021-04-21,131.2317,10313.3968,0.60939
2021-04-22,118.2936,10261.579,0.60633
2021-04-23,152.0452,10272.7235,0.60699
2021-04-24,142.2871,10259.6549,0.60622
2021-04-25,115.137,10245.1383,0.60536
2021-04-26,124.9705,10209.9387,0.60328
2021-04-27,182.0311,10242.9079,0.60523
2021-04-28,184.2999,10287.759,0.60788
2021-04-29,255.3434,10398.7603,0.61444
2021-04-30,394.2234,10629.6587,0.62808
2021-05-01,238.9165,10717.4082,0.63326
2021-05-02,318.5013,10892.3786,0.6436
2021-05-03,413.27,11156.3398,0.6592
2021-05-04,389.4351,11340.1079,0.67006
2021-05-05,373.7163,11927.628,0.70477
2021-05-06,311.0739,11598.408,0.68532
2021-05-07,315.431,11701.538,0.69141
2021-05-08,344.8644,11852.6599,0.70034
2021-05-09,324.6824,12021.8606,0.71034
2021-05-10,423.1624,12248.0572,0.72371
2021-05-11,291.08,12337.4207,0.72899
2021-05-12,259.0721,12414.1249,0.73352
2021-05-13,251.9268,12478.14,0.7373
2021-05-14,213.6022,12514.3086,0.73944
2021-05-15,223.7828,12564.2628,0.74239
2021-05-16,277.3894,12686.1956,0.74959
2021-05-17,415.4056,12936.8823,0.76441
2021-05-18,417.0907,13127.0596,0.77564
2021-05-19,260.5308,13173.8632,0.77841
2021-05-20,200.4195,13152.6283,0.77715
2021-05-21,169.1807,13110.5235,0.77467
2021-05-22,210.8994,13120.9142,0.77528
2021-05-23,248.2638,13164.443,0.77785
2021-05-24,241.2221,13186.8456,0.77918
2021-05-25,379.5447,13278.979,0.78462
2021-05-26,310.2872,13317.1201,0.78687
2021-05-27,276.7019,13363.9399,0.78964
2021-05-28,228.7354,13374.387,0.79026
2021-05-29,265.619,13422.1602,0.79308
2021-05-30,294.4946,13493.1508,0.79728
2021-05-31,330.6261,13563.5126,0.80143
2021-06-01,495.4497,13761.999,0.81316
2021-06-02,360.7486,13798.709,0.81533
2021-06-03,301.8462,13795.5212,0.81514
2021-06-04,250.8117,13764.586,0.81331
2021-06-05,210.5023,13703.4077,0.8097
2021-06-06,264.7725,13725.4438,0.811
2021-06-07,261.8419,13708.9182,0.81002
2021-06-08,372.71,13827.6564,0.81946
2021-06-09,413.482,13885.8628,0.82291
2021-06-10,305.5023,13874.6802,0.82224
2021-06-11,305.7339,13897.0929,0.82357
2021-06-12,393.1851,13972.1144,0.82802
2021-06-13,386.5689,14061.1511,0.83329
2021-06-14,399.1327,14133.3456,0.83757
2021-06-15,335.3832,14138.0276,0.83785
2021-06-16,288.3361,14132.6338,0.83753
2021-06-17,273.5519,14108.2612,0.83609
2021-06-18,261.1661,14109.1035,0.83614
2021-06-19,280.8804,14129.9549,0.83737
2021-06-20,491.6628,14321.3779,0.84872
2021-06-21,438.9692,14415.6301,0.8543
2021-06-22,333.0346,14409.0411,0.85391
2021-06-23,254.0051,14380.0749,0.85219
2021-06-24,352.1621,14401.7801,0.85348
2021-06-25,253.3053,14376.3192,0.85197
2021-06-26,242.1588,14349.3919,0.85038
2021-06-27,207.514,14314.1094,0.84828
2021-06-28,224.426,14272.4316,0.84581
2021-06-29,231.6849,14240.5202,0.84392
2021-06-30,214.5178,14217.4363,0.84256
2021-07-01,198.0098,14204.0317,0.84176
2021-07-02,207.3816,14205.9751,0.84164
2021-07-03,156.5863,14129.5893,0.83711
2021-07-04,148.281,14108.9828,0.83589
2021-07-05,142.1019,14081.0585,0.83424
2021-07-06,143.2785,14037.8335,0.83269
2021-07-07,156.5593,13976.4052,0.82905
2021-07-08,237.783,14013.8271,0.83127
2021-07-09,314.9435,14100.4383,0.8364
2021-07-10,253.0452,14126.9736,0.83798
2021-07-11,339.5725,14220.0769,0.8435
2021-07-12,230.1497,14212.7037,0.84306
2021-07-13,240.9817,14223.8397,0.84372
2021-07-14,218.4339,14221.7173,0.8436
2021-07-15,191.5118,14206.6101,0.8427
2021-07-16,239.6794,14245.217,0.84499
2021-07-17,304.7914,14319.5046,0.8494
2021-07-18,301.4085,14374.042,0.85263
2021-07-19,214.4772,14347.4913,0.85106
2021-07-20,185.7067,14327.2535,0.84986
2021-07-21,285.3276,14365.1931,0.85211
2021-07-22,351.6967,14412.0361,0.85495
2021-07-23,346.2035,14489.104,0.85953
2021-07-24,240.8146,14460.7957,0.85785
2021-07-25,255.7251,14521.5055,0.86145
2021-07-26,239.8601,14515.4135,0.86109
2021-07-27,264.5975,14532.2997,0.86209
2021-07-28,203.7918,14511.1399,0.86083
2021-07-29,194.441,14486.9613,0.8594
2021-07-30,276.3292,14531.8826,0.86206
2021-07-31,191.1506,14493.0504,0.85976
2021-08-01,150.9214,14469.9841,0.85839
2021-08-02,185.8391,14431.6189,0.85612
2021-08-03,216.1168,14406.3943,0.85462
2021-08-04,165.1652,14360.3125,0.85241
2021-08-05,147.6559,14306.7134,0.84923
2021-08-06,142.8402,14243.1415,0.84546
2021-08-07,131.2844,14198.9253,0.84283
2021-08-08,135.4692,14177.2912,0.84155
2021-08-09,158.6159,14138.586,0.83925
2021-08-10,265.7606,14194.8791,0.84259
2021-08-11,220.5237,14204.1887,0.84314
2021-08-12,242.5863,14276.0767,0.84741
2021-08-13,274.4812,14342.0538,0.85153
2021-08-14,265.0255,14415.3981,0.85588
2021-08-15,275.976,14488.23,0.86021
2021-08-16,242.9199,14509.121,0.86145
2021-08-17,372.5766,14595.3341,0.86657
2021-08-18,279.224,14618.5681,0.86795
2021-08-19,260.6701,14629.4257,0.86859
2021-08-20,270.1865,14644.6451,0.86949
2021-08-21,224.5614,14629.9736,0.86862
2021-08-22,227.3071,14615.8254,0.86778
2021-08-23,258.7954,14653.4085,0.87001
2021-08-24,223.9942,14660.9139,0.87046
2021-08-25,231.2774,14675.8912,0.87135
2021-08-26,216.8626,14658.1938,0.8703
2021-08-27,166.944,14615.1043,0.86774
2021-08-28,255.839,14610.6551,0.86748
2021-08-29,176.1582,14585.1963,0.86596
2021-08-30,244.9171,14613.2838,0.86763
2021-08-31,231.4556,14616.606,0.86783
2021-09-01,219.8048,14608.4272,0.86734
2021-09-02,185.7906,14560.2171,0.86448
2021-09-03,146.6334,14502.026,0.86103
2021-09-04,161.8163,14477.217,0.85955
2021-09-05,225.2419,14520.5152,0.86212
2021-09-06,203.3977,14525.3721,0.86241
2021-09-07,206.9583,14551.8086,0.86398
2021-09-08,210.8074,14555.0287,0.86417
2021-09-09,165.1013,14509.2927,0.86146
2021-09-10,177.2787,14469.7666,0.85911
2021-09-11,258.2419,14496.2206,0.86068
2021-09-12,270.8987,14484.4419,0.85998
2021-09-13,172.0097,14450.6138,0.85797
2021-09-14,172.9696,14390.0683,0.85438
2021-09-15,195.2375,14388.1219,0.85426
2021-09-16,152.3511,14341.2511,0.85148
2021-09-17,140.1283,14268.6856,0.84717
2021-09-18,125.7329,14209.4584,0.84366
2021-09-19,149.6885,14201.5692,0.84319
2021-09-20,132.8854,14155.3852,0.84044
2021-09-21,214.5982,14186.0592,0.84227
2021-09-22,250.147,14230.4176,0.8449
2021-09-23,414.8747,14391.2218,0.85445
2021-09-24,238.0292,14391.9518,0.85449
2021-09-25,195.3129,14356.5116,0.85239
2021-09-26,152.5011,14320.9731,0.85028
2021-09-27,146.1327,14261.3725,0.84674
2021-09-28,145.6615,14218.4847,0.84419
2021-09-29,173.8599,14209.9704,0.84369
2021-09-30,216.9221,14244.0656,0.84571
2021-10-01,198.363,14228.383,0.84478
2021-10-02,217.8681,14240.7446,0.84551
2021-10-03,181.2683,14241.4321,0.84555
2021-10-04,159.1843,14192.0205,0.84262
2021-10-05,177.4319,14162.1904,0.84085
2021-10-06,219.6312,14200.0811,0.8431
2021-10-07,239.8196,14221.4003,0.84436
2021-10-08,178.9254,14194.7639,0.84278
2021-10-09,166.1529,14160.6403,0.84076
2021-10-10,180.5548,14161.8862,0.84083
2021-10-11,203.8959,14174.1057,0.84156
2021-10-12,164.7031,14128.1473,0.83883
2021-10-13,181.8143,14102.73,0.83732
2021-10-14,192.5855,14089.9855,0.83656
2021-10-15,175.8319,14071.3941,0.83546
2021-10-16,228.148,14130.1556,0.83895
2021-10-17,236.1738,14183.0525,0.84209
2021-10-18,181.3282,14158.1996,0.84061
2021-10-19,190.4272,14139.4895,0.8395
2021-10-20,191.9393,14124.1028,0.83859
2021-10-21,191.489,14112.3092,0.83789
2021-10-22,188.6379,14118.2704,0.83824
2021-10-23,166.833,14096.5835,0.83695
2021-10-24,162.2365,14081.8893,0.83608
2021-10-25,158.6275,14044.9339,0.83389
2021-10-26,239.6861,14107.9606,0.83763
2021-10-27,301.3622,14183.9961,0.84214
2021-10-28,245.7491,14210.7533,0.84373
2021-10-29,238.3209,14245.6026,0.8458
2021-10-30,256.5182,14255.2964,0.84638
2021-10-31,291.7853,14288.3597,0.84834
2021-11-01,248.7199,14299.2919,0.84899
2021-11-02,233.893,14283.1943,0.84803
2021-11-03,259.4273,14320.9346,0.85007
2021-11-04,359.1634,14394.3749,0.85443
2021-11-05,231.672,14352.7352,0.85196
2021-11-06,205.0275,14297.4061,0.84868
2021-11-07,222.2559,14282.9134,0.84781
2021-11-08,196.6949,14260.0652,0.84667
2021-11-09,220.3432,14269.6636,0.84724
2021-11-10,212.1651,14281.9381,0.84797
2021-11-11,201.3738,14267.3579,0.8471
2021-11-12,171.9443,14237.9239,0.84536
2021-11-13,215.4518,14245.4993,0.8458
2021-11-14,182.5816,14253.4439,0.84628
2021-11-15,168.041,14240.6546,0.84552
2021-11-16,149.167,14186.1425,0.84228
2021-11-17,132.8968,14129.6692,0.83893
2021-11-18,128.1675,14066.7352,0.83519
2021-11-19,147.0217,14019.8888,0.83241
2021-11-20,151.2895,14019.8482,0.83241
2021-11-21,165.4281,14009.1667,0.83177
2021-11-22,165.4699,13984.9196,0.83033
2021-11-23,197.2407,14013.6114,0.83204
2021-11-24,250.376,14074.3799,0.83564
2021-11-25,289.0054,14154.5285,0.8404
2021-11-26,276.5082,14226.0706,0.84465
2021-11-27,247.4404,14277.7214,0.84772
2021-11-28,174.2821,14274.0985,0.8475
2021-11-29,170.9792,14252.1218,0.8465
2021-11-30,185.3185,14248.8165,0.84631
2021-12-01,198.6273,14253.8182,0.84661
2021-12-02,145.6872,14215.1518,0.84431
2021-12-03,146.8244,14181.1516,0.84229
2021-12-04,158.9235,14163.1229,0.84122
2021-12-05,138.9942,14144.3001,0.8401
2021-12-06,128.2618,14096.3263,0.8373
2021-12-07,124.337,14030.0458,0.83336
2021-12-08,108.1494,13976.5597,0.83018
2021-12-09,111.4766,13904.7587,0.82592
2021-12-10,106.6669,13839.1226,0.82202
2021-12-11,118.9709,13792.1097,0.81923
2021-12-12,135.8966,13789.6303,0.81908
2021-12-13,123.4304,13756.8424,0.81713
2021-12-14,105.5313,13702.8479,0.81392
2021-12-15,101.5612,13649.0836,0.81073
2021-12-16,101.2748,13596.2205,0.80759
2021-12-17,108.4226,13549.8147,0.80483
2021-12-18,124.0732,13533.1973,0.80385
2021-12-19,112.7228,13515.9331,0.80282
2021-12-20,115.1317,13482.777,0.80085
2021-12-21,110.9853,13463.9575,0.79974
2021-12-22,119.3174,13448.7087,0.79883
2021-12-23,110.0124,13426.8541,0.79753
2021-12-24,97.5041,13403.6309,0.79615
2021-12-25,96.7338,13384.1124,0.79499
2021-12-26,113.9225,13390.3888,0.79537
2021-12-27,117.9258,13382.1111,0.79487
2021-12-28,115.5011,13363.2322,0.79375
2021-12-29,123.3998,13353.1913,0.79316
2021-12-30,122.3392,13336.9683,0.79219
2021-12-31,101.7371,13308.8217,0.79052
2022-01-01,109.6094,13311.0516,0.79065
2022-01-02,110.9561,13302.1183,0.79012
2022-01-03,104.0472,13264.1005,0.78786
2022-01-04,98.7147,13205.0581,0.78436
2022-01-05,94.1028,13113.9984,0.77895
2022-01-06,107.8831,13068.3062,0.77623
2022-01-07,125.1231,13028.397,0.77386
2022-01-08,96.2095,12958.3644,0.7697
2022-01-09,92.6809,12896.9672,0.76606
2022-01-10,88.3664,12839.2805,0.76263
2022-01-11,87.2758,12763.8922,0.75815
2022-01-12,85.6209,12697.7051,0.75422
2022-01-13,93.5877,12644.091,0.75104
2022-01-14,138.3395,12639.0885,0.75074
2022-01-15,93.7255,12589.5222,0.7478
2022-01-16,80.1573,12537.0132,0.74468
2022-01-17,86.9313,12463.3742,0.7403
2022-01-18,80.5572,12388.8133,0.73587
2022-01-19,73.5589,12300.5429,0.73063
2022-01-20,70.6409,12205.054,0.72496
2022-01-21,70.042,12112.2754,0.71945
2022-01-22,78.5069,12057.6228,0.7162
2022-01-23,81.4581,11997.3598,0.71262
2022-01-24,72.7618,11913.8276,0.70766
2022-01-25,100.5986,11869.0003,0.705
2022-01-26,84.3266,11800.9852,0.70096
2022-01-27,80.8029,11724.9513,0.69644
2022-01-28,78.2901,11643.2551,0.69159
2022-01-29,68.8781,11564.5783,0.68692
2022-01-30,60.6928,11498.8998,0.68301
2022-01-31,65.619,11413.882,0.67796
2022-02-01,67.3525,11321.8326,0.6725
2022-02-02,65.271,11224.9699,0.66674
2022-02-03,60.6984,11134.2074,0.66135
2022-02-04,67.7151,11038.8639,0.65569
2022-02-05,82.5237,10976.8537,0.65201
2022-02-06,100.0141,10947.3452,0.65025
2022-02-07,102.3958,10898.2208,0.64733
2022-02-08,123.5375,10864.2557,0.64532
2022-02-09,126.5453,10832.2984,0.64342
2022-02-10,98.0346,10765.1488,0.63943
2022-02-11,89.0671,10687.708,0.63012
2022-02-12,87.808,10618.7482,0.62606
2022-02-13,87.7543,10571.3093,0.62326
2022-02-14,98.8534,10508.26,0.61954
2022-02-15,87.9687,10445.0808,0.61582
2022-02-16,87.2873,10375.138,0.61169
2022-02-17,84.2919,10292.4415,0.60682
2022-02-18,113.9555,10254.7901,0.6046
2022-02-19,111.0752,10218.8166,0.60248
2022-02-20,124.6649,10224.7174,0.60282
2022-02-21,144.1327,10219.5787,0.60252
2022-02-22,123.5052,10185.4182,0.60051
2022-02-23,104.0806,10125.1476,0.59695
2022-02-24,97.9254,10053.3217,0.59272
2022-02-25,117.1812,10005.4422,0.5899
2022-02-26,131.3978,9976.7148,0.5882
2022-02-27,142.2563,9992.1661,0.58911
2022-02-28,208.8683,10059.5998,0.59309
2022-03-01,203.8739,10111.9711,0.59618
2022-03-02,196.5796,10162.3272,0.59915
2022-03-03,179.9403,10182.4122,0.60033
2022-03-04,167.6786,10168.5603,0.59951
2022-03-05,174.2345,10161.2088,0.59908
2022-03-06,253.982,10260.93,0.60496
2022-03-07,217.8649,10298.2921,0.60716
2022-03-08,168.2264,10273.8783,0.60572
2022-03-09,138.8293,10214.285,0.60221
2022-03-10,147.6865,10163.6592,0.59922
2022-03-11,123.4447,10113.448,0.59626
2022-03-12,164.6112,10109.497,0.59603
2022-03-13,140.3453,10088.1621,0.59477
2022-03-14,158.9384,10066.0457,0.59347
2022-03-15,160.0069,10043.6074,0.59215
2022-03-16,140.9786,10007.3563,0.59001
2022-03-17,142.2678,9971.0764,0.58787
2022-03-18,134.0707,9916.5014,0.58465
2022-03-19,121.6529,9867.0771,0.58174
2022-03-20,149.1438,9865.8614,0.58167
2022-03-21,132.9544,9853.5086,0.58094
2022-03-22,149.1509,9822.6328,0.57912
2022-03-23,135.9827,9775.7861,0.57636
2022-03-24,125.9037,9710.363,0.5725
2022-03-25,139.4752,9643.2811,0.56854
2022-03-26,141.2367,9609.8978,0.56658
2022-03-27,204.8971,9645.835,0.56869
2022-03-28,172.2223,9637.0676,0.56818
2022-03-29,192.2944,9660.5911,0.56956
2022-03-30,200.7375,9685.1391,0.57101
2022-03-31,207.1345,9732.5501,0.57381
2022-04-01,225.9153,9803.7622,0.57801
2022-04-02,202.4605,9825.5422,0.57929
2022-04-03,153.4162,9815.0875,0.57867
2022-04-04,179.7094,9821.1338,0.57903
2022-04-05,178.6598,9823.9073,0.57919
2022-04-06,183.8711,9837.9322,0.58002
2022-04-07,294.0782,9940.1679,0.58605
2022-04-08,219.3454,9973.3023,0.588
2022-04-09,189.1011,9995.7621,0.58933
2022-04-10,176.5242,10007.2999,0.59001
2022-04-11,148.0954,9977.4759,0.58825
2022-04-12,188.0232,9976.6346,0.5882
2022-04-13,159.3741,9957.9587,0.5871
2022-04-14,116.4762,9912.8832,0.58444
2022-04-15,120.4329,9883.5154,0.58271
2022-04-16,139.8807,9860.3875,0.58134
2022-04-17,162.3871,9867.5415,0.58177
2022-04-18,196.1971,9874.4316,0.58217
2022-04-19,261.3106,9942.2953,0.58617
2022-04-20,290.7916,10040.3539,0.59195
2022-04-21,337.3148,10189.8882,0.60077
2022-04-22,357.2529,10342.0631,0.60974
2022-04-23,332.7696,10450.1713,0.61612
2022-04-24,261.5395,10509.5396,0.61962
2022-04-25,339.0624,10635.1787,0.62702
2022-04-26,227.311,10657.451,0.62834
2022-04-27,288.3511,10729.9087,0.63261
2022-04-28,255.8161,10783.4025,0.63576
2022-04-29,290.9644,10854.0291,0.63993
2022-04-30,194.332,10850.7908,0.63974
2022-05-01,174.2737,10856.1379,0.64005
2022-05-02,187.9293,10859.7043,0.64026
2022-05-03,147.3859,10816.5048,0.63771
2022-05-04,131.2312,10773.0375,0.63515
2022-05-05,210.8063,10815.4946,0.63765
2022-05-06,173.3218,10832.6523,0.63867
2022-05-07,326.6413,11005.5824,0.64886
2022-05-08,257.6662,11102.5679,0.65458
2022-05-09,221.3089,11126.6434,0.656
2022-05-10,199.8365,11347.1556,0.65665
2022-05-11,249.4098,11392.0924,0.65925
2022-05-12,229.6053,11417.3731,0.66072
2022-05-13,228.9722,11457.1071,0.66302
2022-05-14,285.4444,11554.5733,0.66866
2022-05-15,214.1936,11608.1715,0.67176
2022-05-16,267.0671,11679.5832,0.67589
2022-05-17,255.4873,11740.3889,0.67941
2022-05-18,299.1518,11864.1068,0.68657
2022-05-19,338.9462,12008.82,0.69494
2022-05-20,308.1831,12108.9453,0.70074
2022-05-21,256.8701,12153.2115,0.7033
2022-05-22,208.0598,12158.4697,0.7036
2022-05-23,208.7234,12150.9246,0.70317
2022-05-24,201.089,12140.4422,0.70256
2022-05-25,239.3207,12178.3193,0.70475
2022-05-26,206.881,12194.2944,0.70568
2022-05-27,260.7515,12260.7343,0.70952
2022-05-28,189.5752,12252.1806,0.70903
2022-05-29,225.6393,12316.964,0.71278
2022-05-30,265.8614,12402.029,0.7177
2022-05-31,231.9064,12435.8492,0.71966
2022-06-01,228.6018,12464.7966,0.72133
2022-06-02,241.7186,12511.1412,0.72401
2022-06-03,224.1523,12522.1886,0.72465
2022-06-04,249.8163,12555.8161,0.7266
2022-06-05,266.4735,12612.2976,0.72987
2022-06-06,268.9285,12639.082,0.73155
2022-06-07,355.7611,12720.672,0.73628
2022-06-08,294.3069,12744.1099,0.73763
2022-06-09,272.9281,12764.1122,0.73879
2022-06-10,268.3381,12769.6243,0.73911
2022-06-11,380.4072,12909.746,0.74722
2022-06-12,315.042,13002.8952,0.75261
2022-06-13,275.0958,13043.211,0.75495
2022-06-14,303.4371,13140.1422,0.75931
2022-06-15,329.9004,13238.2417,0.76498
2022-06-16,306.9032,13324.0542,0.76994
2022-06-17,230.0271,13323.8663,0.76993
2022-06-18,238.3186,13338.1067,0.77075
2022-06-19,284.2458,13430.6959,0.7761
2022-06-20,239.6143,13463.4751,0.778
2022-06-21,211.2593,13448.2036,0.77711
2022-06-22,214.0318,13462.3613,0.77793
2022-06-23,249.5311,13496.6807,0.77991
2022-06-24,233.0242,13525.0678,0.78155
2022-06-25,280.3219,13621.2056,0.78711
2022-06-26,388.2767,13794.2791,0.79711
2022-06-27,296.2443,13868.6323,0.80141
2022-06-28,373.7558,13998.2286,0.8089
2022-06-29,340.8603,14085.0013,0.81391
2022-06-30,310.7775,14094.8001,0.81448
2022-07-01,274.9605,14085.9752,0.81397
2022-07-02,322.7836,14123.8761,0.81616
2022-07-03,266.6061,14134.3403,0.81676
2022-07-04,389.9802,14267.8322,0.82448
2022-07-05,306.3302,14302.3856,0.82647
2022-07-06,278.858,14338.3263,0.82855
2022-07-07,238.9738,14345.5144,0.82896
2022-07-08,325.8923,14429.9235,0.83384
2022-07-09,246.8699,14404.1726,0.83235
2022-07-10,232.3385,14404.7452,0.83239
2022-07-11,313.1652,14468.1325,0.83623
2022-07-12,234.8404,14463.3965,0.83595
2022-07-13,348.7919,14525.9945,0.83957
2022-07-14,219.4087,14527.1681,0.83964
2022-07-15,185.2863,14485.3124,0.83722
2022-07-16,172.5174,14441.1878,0.83467
2022-07-17,199.034,14484.4186,0.83717
2022-07-18,227.1235,14523.6891,0.83944
2022-07-19,157.3247,14499.288,0.83803
2022-07-20,221.613,14527.419,0.83965
2022-07-21,201.1077,14509.7857,0.83863
2022-07-22,193.9971,14520.5692,0.83926
2022-07-23,227.0669,14555.6987,0.84129
2022-07-24,208.8972,14588.1339,0.84316
2022-07-25,258.1239,14669.6199,0.84583
2022-07-26,267.2137,14711.8759,0.84826
2022-07-27,254.4826,14750.4232,0.85049
2022-07-28,427.8407,14937.1148,0.86125
2022-07-29,332.1926,15013.3566,0.86565
2022-07-30,201.6896,15006.775,0.86527
2022-07-31,233.6753,15005.2409,0.86518
2022-08-01,329.3727,15082.926,0.86966
2022-08-02,385.6799,15173.479,0.87488
2022-08-03,254.2332,15132.2097,0.8725
2022-08-04,236.5737,15121.6906,0.87093
2022-08-05,345.8701,15171.9252,0.87382
2022-08-06,530.4498,15321.6591,0.88244
2022-08-07,259.8695,15259.2332,0.87885
2022-08-08,205.8167,15201.5172,0.87552
2022-08-09,239.1851,15179.8312,0.87427
2022-08-10,240.5084,15168.3279,0.87361
2022-08-11,220.0522,15152.2633,0.87269
2022-08-12,173.5636,15117.1568,0.87066
2022-08-13,204.6768,15101.1821,0.86974
2022-08-14,267.4868,15151.163,0.87262
2022-08-15,291.4237,15203.5689,0.87564
2022-08-16,254.2143,15207.8373,0.87589
2022-08-17,185.7309,15147.5616,0.87242
2022-08-18,162.3407,15084.0846,0.86876
2022-08-19,148.3346,15034.952,0.86593
2022-08-20,209.1711,15020.3006,0.86509
2022-08-21,182.5749,15014.8386,0.86477
2022-08-22,231.1967,15039.3581,0.86618
2022-08-23,160.6334,14989.5866,0.86332
2022-08-24,134.1976,14923.592,0.85952
2022-08-25,127.8967,14861.1814,0.85592
2022-08-26,134.5058,14802.2383,0.85253
2022-08-27,137.2115,14755.2121,0.84982
2022-08-28,185.4834,14779.76,0.85123
2022-08-29,244.4813,14833.7724,0.85434
2022-08-30,141.3213,14767.7157,0.85054
2022-08-31,188.4913,14774.6529,0.85094
2022-09-01,175.5464,14773.2276,0.85086
2022-09-02,191.3178,14769.5992,0.85065
2022-09-03,266.5795,14832.3899,0.85426
2022-09-04,206.19,14840.4644,0.85473
2022-09-05,157.7026,14776.5288,0.8514
2022-09-06,176.2909,14748.4975,0.84979
2022-09-07,182.3922,14723.2749,0.84833
2022-09-08,164.041,14700.3924,0.84702
2022-09-09,183.8137,14685.617,0.84616
2022-09-10,161.2843,14657.1543,0.84452
2022-09-11,159.9053,14655.2862,0.84442
2022-09-12,191.1828,14650.8366,0.84416
2022-09-13,210.3137,14689.6691,0.8464
2022-09-14,210.5427,14704.8346,0.84727
2022-09-15,161.0933,14686.4413,0.84621
2022-09-16,333.5112,14821.5535,0.854
2022-09-17,192.1419,14799.3741,0.85272
2022-09-18,234.4113,14851.2397,0.85571
2022-09-19,211.4137,14953.7875,0.86162
2022-09-20,212.3733,14852.8891,0.8558
2022-09-21,206.8664,14814.3494,0.85358
2022-09-22,228.9513,14816.737,0.85372
2022-09-23,218.3978,14818.8994,0.85384
2022-09-24,256.8139,14848.9761,0.85558
2022-09-25,249.5843,14873.8808,0.85701
2022-09-26,197.2654,14826.3116,0.85427
2022-09-27,173.5316,14740.6509,0.84933
2022-09-28,188.855,14650.9624,0.84417
2022-09-29,201.086,14593.8262,0.84088
2022-09-30,217.8223,14580.2851,0.81858
2022-10-01,299.7091,14831.734,0.83269
2022-10-02,226.7363,14797.11,0.83075
2022-10-03,184.0023,14722.337,0.82655
2022-10-04,193.9017,14673.3,0.8238
2022-10-05,208.1286,14652.6185,0.82264
2022-10-06,229.9187,14641.2893,0.822
2022-10-07,252.4165,14658.8805,0.82299
2022-10-08,326.2709,14738.1477,0.82744
2022-10-09,277.988,14762.6109,0.82881
2022-10-10,257.6255,14741.8492,0.82799
2022-10-11,239.0341,14697.942,0.82552
2022-10-12,214.9059,14621.6806,0.82124
2022-10-13,233.0363,14559.7286,0.81776
2022-10-14,227.2424,14509.4369,0.81493
2022-10-15,233.4772,14476.8059,0.8131
2022-10-16,256.5462,14515.6378,0.81528
2022-10-17,291.019,14557.8409,0.81765
2022-10-18,293.1938,14612.9206,0.82075
2022-10-19,343.9533,14682.663,0.82466
2022-10-20,416.4232,14803.1293,0.83143
2022-10-21,344.7809,14825.7442,0.8327
2022-10-22,375.1088,14890.6255,0.83634
2022-10-23,406.396,14981.8961,0.84147
2022-10-24,432.8438,15026.4992,0.84398
2022-10-25,362.8257,15053.7658,0.84551
2022-10-26,365.1891,15081.9759,0.84709
2022-10-27,394.5305,15137.0777,0.85019
2022-10-28,515.982,15265.7526,0.85741
2022-10-29,495.1214,15343.5168,0.86178
2022-10-30,373.702,15319.7106,0.86044
2022-10-31,302.9998,15253.3437,0.85672
2022-11-01,307.3891,15180.3319,0.85262
2022-11-02,348.1712,15188.9461,0.8531
2022-11-03,332.7004,15204.7293,0.85399
2022-11-04,311.3493,15200.9219,0.85377
2022-11-05,306.7749,15206.0608,0.85406
2022-11-06,316.5439,15245.6803,0.85629
2022-11-07,302.072,15268.7254,0.85758
2022-11-08,376.8065,15360.228,0.86172
2022-11-09,407.5867,15443.4742,0.86639
2022-11-10,465.8963,15530.0634,0.87125
2022-11-11,390.6785,15530.622,0.87128
2022-11-12,417.8098,15571.6895,0.87359
2022-11-13,465.5874,15634.9785,0.87714
2022-11-14,423.5409,15649.798,0.87797
2022-11-15,411.772,15621.9857,0.87641
2022-11-16,370.7969,15573.8892,0.87371
2022-11-17,331.0547,15508.5029,0.87004
2022-11-18,370.1546,15492.9486,0.86917
2022-11-19,354.3786,15449.2772,0.86672
2022-11-20,339.1516,15427.6176,0.8655
2022-11-21,319.4592,15383.0392,0.863
2022-11-22,329.2022,15381.309,0.86291
2022-11-23,338.536,15377.832,0.86271
2022-11-24,331.3157,15376.9683,0.86266
2022-11-25,302.3961,15350.8881,0.8612
2022-11-26,319.0114,15357.1408,0.86155
2022-11-27,286.8854,15385.4727,0.86314
2022-11-28,357.8295,15436.0941,0.86598
2022-11-29,381.9152,15505.9567,0.8699
2022-11-30,365.4682,15533.013,0.87142
2022-12-01,282.982,15635.1552,0.85935
2022-12-02,254.8979,15581.2011,0.85638
2022-12-03,254.5589,15556.7618,0.85504
2022-12-04,264.055,15554.8265,0.85493
2022-12-05,257.2584,15531.5315,0.85365
2022-12-06,260.9301,15507.3575,0.85233
2022-12-07,267.6899,15490.9708,0.85142
2022-12-08,293.749,15502.6471,0.85207
2022-12-09,272.5168,15465.4641,0.85002
2022-12-10,236.3438,15423.0009,0.84769
2022-12-11,235.8629,15409.3331,0.84694
2022-12-12,261.5882,15390.5932,0.84591
2022-12-13,243.5223,15343.631,0.84333
2022-12-14,225.8032,15289.3237,0.84034
2022-12-15,198.0159,15236.1344,0.83742
2022-12-16,175.0428,15175.1131,0.83406
2022-12-17,167.4756,15128.4513,0.8315
2022-12-18,174.3734,15097.7932,0.82981
2022-12-19,166.743,15041.0484,0.8267
2022-12-20,162.1811,14968.2841,0.8227
2022-12-21,151.4213,14907.2944,0.81934
2022-12-22,151.1493,14826.9451,0.81493
2022-12-23,137.3691,14742.3443,0.81028
2022-12-24,169.0604,14690.1217,0.80741
2022-12-25,146.748,14671.4501,0.80638
2022-12-26,154.7893,14624.3065,0.80379
2022-12-27,175.6772,14584.3074,0.80159
2022-12-28,165.261,14529.4426,0.79858
2022-12-29,150.0821,14457.7759,0.79464
2022-12-30,139.3032,14401.2775,0.79153
2022-12-31,148.2981,14380.9344,0.79041
2023-01-01,142.9024,14374.4457,0.79006
2023-01-02,163.5541,14342.1338,0.78828
2023-01-03,184.0896,14311.3727,0.78659
2023-01-04,191.4577,14259.4843,0.78374
2023-01-05,163.4478,14204.5316,0.78072
2023-01-06,175.9409,14169.8215,0.77881
2023-01-07,221.6536,14184.9716,0.77964
2023-01-08,226.2771,14211.7194,0.78111
2023-01-09,192.1521,14207.5821,0.78089
2023-01-10,255.6992,14231.2298,0.78219
2023-01-11,276.6208,14270.6846,0.78435
2023-01-12,312.2169,14304.6902,0.78622
2023-01-13,264.5305,14297.6738,0.78584
2023-01-14,256.5705,14286.7771,0.78524
2023-01-15,251.3341,14272.345,0.78445
2023-01-16,229.2214,14223.1113,0.78174
2023-01-17,206.3725,14159.0942,0.77822
2023-01-18,228.9117,14128.6575,0.77655
2023-01-19,216.3115,14073.6727,0.77353
2023-01-20,214.9463,14006.6927,0.76984
2023-01-21,190.7048,13938.4729,0.7661
2023-01-22,186.519,13888.6344,0.76336
2023-01-23,166.8854,13795.8053,0.75825
2023-01-24,169.9151,13694.2734,0.75267
2023-01-25,146.1471,13585.0659,0.74667
2023-01-26,138.4206,13473.577,0.74054
2023-01-27,129.0389,13371.0354,0.73491
2023-01-28,122.2857,13264.9752,0.72908
2023-01-29,113.0273,13190.1365,0.72496
2023-01-30,114.6881,13085.0133,0.71919
2023-01-31,113.1403,12978.3428,0.71332
2023-02-01,108.7925,12885.5894,0.70823
2023-02-02,115.285,12807.2405,0.70392
2023-02-03,103.379,12728.963,0.69962
2023-02-04,111.0976,12670.3803,0.6964
2023-02-05,97.617,12612.1597,0.6932
2023-02-06,96.5137,12507.8466,0.68746
2023-02-07,105.9521,12422.0297,0.68275
2023-02-08,98.3727,12338.3146,0.67815
2023-02-09,103.0824,12249.1247,0.67324
2023-02-10,102.6333,12146.6547,0.66761
2023-02-11,119.3292,12069.9882,0.6634
2023-02-12,110.9529,12005.9905,0.65988
2023-02-13,134.7612,11955.7803,0.65712
2023-02-14,117.5767,11874.2745,0.65264
2023-02-15,166.3054,11861.0543,0.65191
2023-02-16,138.0344,11796.3379,0.64836
2023-02-17,135.4845,11722.8567,0.64432
2023-02-18,145.1437,11650.1251,0.64032
2023-02-19,141.2975,11614.5541,0.63837
2023-02-20,150.1834,11561.7671,0.63547
2023-02-21,141.937,11500.5496,0.6321
2023-02-22,154.7477,11416.8491,0.6275
2023-02-23,128.0069,11323.2906,0.62236
2023-02-24,117.4059,11218.8538,0.61662
2023-02-25,103.1009,11117.2835,0.61104
2023-02-26,98.6888,11025.7593,0.606
2023-02-27,104.3035,10916.377,0.59999
2023-02-28,128.1501,10824.3916,0.59494
2023-03-01,120.3398,10726.8567,0.58958
2023-03-02,117.1962,10625.2468,0.58399
2023-03-03,112.0283,10527.6842,0.57863
2023-03-04,164.8662,10495.9943,0.57689
2023-03-05,229.2837,10547.3032,0.57971
2023-03-06,225.7964,10559.4575,0.57939
2023-03-07,175.8198,10527.0947,0.57762
2023-03-08,217.6834,10543.7499,0.57853
2023-03-09,300.3834,10627.6307,0.58314
2023-03-10,229.8258,10615.4629,0.58247
2023-03-11,419.1318,10802.608,0.59274
2023-03-12,394.1178,10954.9585,0.6011
2023-03-13,429.2205,11085.8161,0.60828
2023-03-14,356.6229,11123.1138,0.61032
2023-03-15,338.8655,11153.634,0.612
2023-03-16,343.2153,11181.4298,0.61352
2023-03-17,316.3135,11212.0814,0.6152
2023-03-18,293.7176,11236.7296,0.61656
2023-03-19,298.7594,11255.9281,0.61761
2023-03-20,253.9654,11244.0309,0.61696
2023-03-21,220.8745,11192.3093,0.61412
2023-03-22,210.5841,11126.5408,0.61051
2023-03-23,222.4942,11091.312,0.60858
2023-03-24,234.9944,11073.2719,0.60759
2023-03-25,264.0398,11076.483,0.60776
2023-03-26,251.0572,11085.3221,0.60825
2023-03-27,226.8373,11065.4037,0.60716
2023-03-28,234.9146,11036.2371,0.60556
2023-03-29,232.0145,10992.2706,0.60314
2023-03-30,211.0367,10940.19,0.60029
2023-03-31,241.632,10913.3655,0.59881
2023-04-01,218.4973,10881.872,0.59709
2023-04-02,282.9217,10946.88,0.60065
2023-04-03,228.3988,10932.068,0.59984
2023-04-04,199.0957,10889.2303,0.59756
2023-04-05,277.7383,10836.8496,0.59468
2023-04-06,211.0641,10851.3418,0.59548
2023-04-07,236.8311,10891.1025,0.59766
2023-04-08,243.7325,10911.8609,0.5988
2023-04-09,214.6515,10899.3287,0.59811
2023-04-10,192.9183,10847.5581,0.59527
2023-04-11,196.7313,10812.4184,0.59334
2023-04-12,204.2376,10774.1378,0.59124
2023-04-13,185.1171,10720.5874,0.5883
2023-04-14,173.6219,10647.2288,0.58428
2023-04-15,167.7538,10584.2385,0.58082
2023-04-16,224.0201,10615.6899,0.58255
2023-04-17,306.8315,10700.9818,0.58723
2023-04-18,328.3122,10778.1738,0.59146
2023-04-19,237.0167,10758.3608,0.59038
2023-04-20,224.1941,10743.2761,0.58955
2023-04-21,247.698,10747.317,0.58977
2023-04-22,270.0542,10780.5925,0.5916
2023-04-23,255.0468,10834.8147,0.59457
2023-04-24,263.8486,10876.6602,0.59687
2023-04-25,251.8811,10898.173,0.59805
2023-04-26,297.0545,10961.1701,0.60151
2023-04-27,250.1689,10980.2447,0.60255
2023-04-28,383.7685,11118.8587,0.61016
2023-04-29,317.0611,11188.7973,0.614
2023-04-30,316.5932,11318.139,0.62109
2023-05-01,230.3445,11341.7188,0.62239
2023-05-02,201.6082,11306.8363,0.62047
2023-05-03,168.2096,11237.8333,0.61669
2023-05-04,155.56,11172.1387,0.61308
2023-05-05,143.8102,11086.37,0.60838
2023-05-06,146.7033,11010.0879,0.60419
2023-05-07,139.726,10961.3845,0.60152
2023-05-08,129.2081,10888.7247,0.59753
2023-05-09,137.7862,10814.9057,0.59348
2023-05-10,156.7087,10769.6389,0.591
2023-05-11,149.898,10742.722,0.58909
2023-05-12,147.524,10699.8395,0.58674
2023-05-13,145.9524,10661.2948,0.58463
2023-05-14,153.5386,10659.7707,0.58454
2023-05-15,164.2972,10647.2551,0.58386
2023-05-16,165.7853,10621.7773,0.58246
2023-05-17,224.6129,10667.1169,0.58495
2023-05-18,149.0645,10625.4942,0.58266
2023-05-19,160.0974,10604.4848,0.58151
2023-05-20,191.365,10635.7362,0.58322
2023-05-21,187.8547,10683.536,0.58585
2023-05-22,209.9506,10755.9677,0.58982
2023-05-23,328.9619,10898.638,0.59764
2023-05-24,306.8429,10993.1445,0.60282
2023-05-25,358.444,11149.7665,0.61141
2023-05-26,419.4529,11339.5209,0.62182
2023-05-27,313.2761,11454.4788,0.62812
2023-05-28,394.6536,11630.6244,0.63778
2023-05-29,359.7107,11760.035,0.64488
2023-05-30,387.9051,11885.0884,0.6517
2023-05-31,279.5748,11931.9169,0.65426
2023-06-01,417.0342,12133.1718,0.6653
2023-06-02,313.2097,12196.4041,0.66877
2023-06-03,228.7853,12192.1023,0.66853
2023-06-04,203.8026,12203.6207,0.66916
2023-06-05,327.7137,12311.8857,0.6751
2023-06-06,306.826,12337.8871,0.68089
2023-06-07,241.2652,12362.2469,0.68223
2023-06-08,304.6883,12481.5858,0.68882
2023-06-09,275.1097,12547.3417,0.69244
2023-06-10,225.0228,12582.0723,0.69436
2023-06-11,281.7821,12689.0876,0.70027
2023-06-12,197.5392,12697.6064,0.70074
2023-06-13,171.3709,12660.159,0.69867
2023-06-14,197.7992,12641.7002,0.69765
2023-06-15,232.1978,12660.4065,0.69868
2023-06-16,254.4658,12701.8333,0.70097
2023-06-17,236.7813,12753.442,0.70382
2023-06-18,220.1712,12815.3149,0.70723
2023-06-19,181.0999,12829.7702,0.70803
2023-06-20,157.6854,12800.6165,0.70642
2023-06-21,179.2886,12773.2018,0.70491
2023-06-22,182.3354,12769.6465,0.70471
2023-06-23,196.3446,12791.8155,0.70594
2023-06-24,217.898,12863.8697,0.70991
2023-06-25,251.9886,12972.1416,0.71589
2023-06-26,301.2932,13116.0741,0.72383
2023-06-27,202.8601,13135.9415,0.72493
2023-06-28,184.7106,13132.3226,0.72473
2023-06-29,187.0267,13126.7706,0.72442
2023-06-30,185.6461,13123.9539,0.72427
2023-07-01,171.9825,13117.035,0.72388
2023-07-02,252.2142,13222.9584,0.72973
2023-07-03,198.082,13279.8174,0.73287
2023-07-04,220.2461,13322.2922,0.73521
2023-07-05,188.5754,13341.0768,0.73625
2023-07-06,229.4413,13396.8016,0.73932
2023-07-07,285.696,13484.6638,0.74417
2023-07-08,268.0175,13553.211,0.74796
2023-07-09,218.0681,13603.0108,0.7507
2023-07-10,261.6487,13678.62,0.75488
2023-07-11,208.3098,13690.4049,0.75553
2023-07-12,198.5317,13707.9079,0.7557
2023-07-13,174.8113,13713.8818,0.75603
2023-07-14,316.9723,13850.6929,0.76357
2023-07-15,247.8991,13918.5127,0.76731
2023-07-16,293.4374,14062.9697,0.77528
2023-07-17,416.7364,14288.5333,0.78771
2023-07-18,347.1915,14433.3426,0.79569
2023-07-19,326.654,14548.7358,0.80206
2023-07-20,238.7126,14587.5968,0.8042
2023-07-21,285.8106,14653.3976,0.80783
2023-07-22,249.85,14700.383,0.81042
2023-07-23,197.9912,14712.869,0.8111
2023-07-24,228.2137,14743.8595,0.81281
2023-07-25,181.2041,14734.6904,0.81231
2023-07-26,172.0601,14735.583,0.81236
2023-07-27,177.671,14741.1336,0.81266
2023-07-28,168.166,14737.1367,0.81244
2023-07-29,158.3915,14721.5837,0.81159
2023-07-30,190.9503,14737.1537,0.81244
2023-07-31,182.6716,14756.1446,0.81231
2023-08-01,227.4739,14791.9849,0.81429
2023-08-02,212.559,14813.6645,0.81548
2023-08-03,175.5031,14807.2804,0.81513
2023-08-04,163.9613,14773.9595,0.81329
2023-08-05,207.0831,14797.6812,0.8146
2023-08-06,164.1054,14795.1679,0.81446
2023-08-07,212.0504,14813.0717,0.81545
2023-08-08,180.4133,14799.369,0.81398
2023-08-09,238.0612,14806.5079,0.81437
2023-08-10,163.9098,14776.7722,0.81273
2023-08-11,184.9503,14771.9926,0.81247
2023-08-12,186.9752,14787.0141,0.8133
2023-08-13,218.0145,14832.0682,0.81578
2023-08-14,158.9549,14825.5093,0.81534
2023-08-15,213.8962,14865.2484,0.81753
2023-08-16,173.6895,14873.8719,0.818
2023-08-17,162.0233,14863.9865,0.81746
2023-08-18,175.3,14881.7012,0.81843
2023-08-19,140.1052,14849.6393,0.81667
2023-08-20,187.9765,14886.848,0.81872
2023-08-21,206.1923,14943.9702,0.82186
2023-08-22,375.3868,15144.0396,0.83286
2023-08-23,234.8255,15148.6751,0.83312
2023-08-24,171.9399,15112.4096,0.83112
2023-08-25,185.529,15088.8412,0.82983
2023-08-26,169.5584,15053.2141,0.82787
2023-08-27,136.8168,15003.5283,0.82513
2023-08-28,123.9252,14919.4411,0.82051
2023-08-29,138.7098,14854.1488,0.81692
2023-08-30,115.2336,14761.3845,0.81182
2023-08-31,104.9095,14684.6897,0.8076
2023-09-01,100.7261,14606.5994,0.80331
2023-09-02,109.1752,14559.3001,0.8007
2023-09-03,113.9593,14552.2729,0.80032
2023-09-04,147.5244,14539.5649,0.79962
2023-09-05,116.2527,14483.4012,0.79653
2023-09-06,102.9237,14414.7823,0.79276
2023-09-07,102.2821,14332.5976,0.78824
2023-09-08,93.5129,14248.2829,0.7836
2023-09-09,99.6726,14201.0202,0.781
2023-09-10,144.4845,14229.0984,0.78254
2023-09-11,257.8352,14328.4581,0.78801
2023-09-12,184.4917,14359.6073,0.78972
2023-09-13,145.3064,13707.3382,0.78051
2023-09-14,154.4767,13700.3354,0.78011
2023-09-15,131.8021,13668.8052,0.77832
2023-09-16,106.2851,13629.0393,0.77605
2023-09-17,139.2603,13652.3334,0.77738
2023-09-18,111.0249,13605.1245,0.77469
2023-09-19,98.8859,13538.9571,0.77092
2023-09-20,91.061,13483.3186,0.76775
2023-09-21,92.3497,13419.0893,0.7641
2023-09-22,89.218,13344.3915,0.75984
2023-09-23,110.4221,13302.7111,0.75747
2023-09-24,106.8846,13312.81,0.75804
2023-09-25,121.8211,13246.4307,0.75426
2023-09-26,109.3946,13196.3921,0.75142
2023-09-27,90.1635,13121.0428,0.74712
2023-09-28,97.9448,13058.9101,0.74359
2023-09-29,94.6319,13003.7725,0.74045
2023-09-30,95.5526,12940.3057,0.73683
2023-10-01,133.6455,12959.939,0.73795
2023-10-02,108.2281,12919.6909,0.73566
2023-10-03,111.5607,12872.1728,0.73295
2023-10-04,141.2445,12859.6555,0.73224
2023-10-05,138.3413,12829.991,0.73055
2023-10-06,145.5828,12809.9683,0.72941
2023-10-07,167.5768,12832.8278,0.73071
2023-10-08,192.7541,12892.5617,0.73412
2023-10-09,132.3779,12861.3376,0.73234
2023-10-10,151.3239,12853.4875,0.73189
2023-10-11,152.3753,12837.2335,0.73092
2023-10-12,123.86,12791.3378,0.72831
2023-10-13,130.289,12741.4778,0.72547
2023-10-14,136.9573,12737.2786,0.72523
2023-10-15,122.6246,12733.0196,0.72499
2023-10-16,121.2211,12720.6263,0.72428
2023-10-17,117.327,12694.2513,0.72278
2023-10-18,114.567,12649.5825,0.72024
2023-10-19,110.4997,12596.7411,0.71723
2023-10-20,107.6249,12537.9581,0.71388
2023-10-21,107.6817,12507.0472,0.71212
2023-10-22,109.987,12496.1811,0.7115
2023-10-23,142.7243,12493.4989,0.71135
2023-10-24,177.018,12539.8634,0.71399
2023-10-25,151.7898,12547.1425,0.7144
2023-10-26,198.5104,12604.4183,0.71766
2023-10-27,213.5467,12650.1753,0.72027
2023-10-28,192.3189,12656.0005,0.7206
2023-10-29,200.6426,12694.625,0.7228
2023-10-30,224.4679,12728.3676,0.72472
2023-10-31,255.5671,12784.7243,0.72793
2023-11-01,277.5579,12629.7307,0.72813
2023-11-02,308.0691,12754.1162,0.7353
2023-11-03,320.878,12845.8644,0.74059
2023-11-04,335.3053,12941.2791,0.74609
2023-11-05,258.984,12976.7199,0.74813
2023-11-06,254.5214,13012.9524,0.75022
2023-11-07,254.784,13037.6567,0.75165
2023-11-08,194.5842,13003.9926,0.74971
2023-11-09,180.1802,12969.4121,0.74771
2023-11-10,180.031,12975.8588,0.74809
2023-11-11,173.4606,12977.2015,0.74816
2023-11-12,200.0914,13031.9726,0.75132
2023-11-13,157.7227,13029.9579,0.7512
2023-11-14,171.3234,13033.9105,0.75131
2023-11-15,236.2434,13118.8389,0.75574
2023-11-16,169.218,13103.8582,0.75488
2023-11-17,190.1112,13111.6049,0.75532
2023-11-18,255.4606,13192.0938,0.75996
2023-11-19,224.7648,13266.4194,0.76424
2023-11-20,230.6623,13309.7945,0.76674
2023-11-21,201.6198,13310.547,0.76678
2023-11-22,179.6615,13282.3367,0.76516
2023-11-23,157.4377,13228.035,0.76203
2023-11-24,161.8936,13195.1191,0.76014
2023-11-25,195.5731,13191.965,0.75995
2023-11-26,152.7164,13169.7612,0.75867
2023-11-27,137.498,13119.0493,0.75575
2023-11-28,141.7338,13067.7985,0.7528
2023-11-29,123.9045,13024.3633,0.7503
2023-11-30,123.4719,12986.5698,0.74812
2023-12-01,108.5395,12938.0707,0.74533
2023-12-02,103.7838,12905.1607,0.74343
2023-12-03,99.216,12888.2153,0.74246
2023-12-04,94.4057,12831.2663,0.73917
2023-12-05,92.8676,12775.0437,0.73594
2023-12-06,100.0589,12720.768,0.73281
2023-12-07,99.4595,12680.1772,0.73047
2023-12-08,97.7999,12665.8417,0.72964
2023-12-09,93.2554,12633.4852,0.72778
2023-12-10,120.2484,12637.0992,0.72799
2023-12-11,97.5867,12658.7608,0.72924
2023-12-12,102.4198,12561.8162,0.72365
2023-12-13,87.0872,12502.9088,0.72026
2023-12-14,87.0076,12445.6091,0.71696
2023-12-15,104.3041,12405.5332,0.71465
2023-12-16,125.1866,12414.9079,0.71519
2023-12-17,165.3353,12476.7813,0.71875
2023-12-18,137.0407,12461.0622,0.71785
2023-12-19,128.1802,12430.6205,0.71609
2023-12-20,129.0114,12387.5847,0.71362
2023-12-21,129.1496,12350.6864,0.71149
2023-12-22,118.9199,12288.194,0.70789
2023-12-23,114.1876,12256.9079,0.70609
2023-12-24,112.8356,12241.8008,0.70522
2023-12-25,111.5146,12244.6721,0.70538
2023-12-26,134.3183,12230.2667,0.70455
2023-12-27,134.196,12215.9322,0.70373
2023-12-28,170.4821,12238.0726,0.705
2023-12-29,159.6166,12252.7184,0.70585
2023-12-30,143.28,12221.0241,0.70402
2023-12-31,143.6908,12185.8615,0.70199
2024-01-01,113.953,12161.2764,0.70058
2024-01-02,107.4415,12100.5164,0.69708
2024-01-03,104.7097,12036.4936,0.69339
2024-01-04,96.5124,11965.3845,0.68929
2024-01-05,94.2234,11885.8619,0.68471
2024-01-06,92.6391,11826.9117,0.68132
2024-01-07,84.1827,11770.6791,0.67808
2024-01-08,79.8615,11707.9666,0.67446
2024-01-09,77.3849,11629.1509,0.66992
2024-01-10,80.2601,11556.8597,0.66576
2024-01-11,79.5147,11469.2362,0.66071
2024-01-12,84.5088,11397.426,0.65657
2024-01-13,81.6706,11347.8371,0.65372
2024-01-14,75.2441,11315.2908,0.65184
2024-01-15,72.8237,11244.2677,0.64775
2024-01-16,71.4311,11162.6699,0.64305
2024-01-17,69.5392,11064.1414,0.63738
2024-01-18,65.297,10957.1171,0.63121
2024-01-19,65.1003,10847.5389,0.6249
2024-01-20,63.2347,10763.9028,0.62008
2024-01-21,64.0671,10692.5219,0.61597
2024-01-22,65.2902,10609.3566,0.61118
2024-01-23,63.3709,10519.9375,0.60603
2024-01-24,59.4005,10428.2279,0.60074
2024-01-25,57.3234,10337.2885,0.5955
2024-01-26,57.7898,10230.8984,0.58937
2024-01-27,61.8246,10127.6163,0.58342
2024-01-28,58.3525,10034.2639,0.57805
2024-01-29,55.8247,9911.8499,0.57099
2024-01-30,56.6513,9796.9049,0.56437
2024-01-31,63.8386,9684.6704,0.55791
2024-02-01,73.5148,9603.8871,0.55325
2024-02-02,78.7872,9547.0471,0.54998
2024-02-03,117.5098,9538.7482,0.5495
2024-02-04,119.7218,9541.81,0.54968
2024-02-05,122.6694,9506.5638,0.54765
2024-02-06,128.8707,9454.0121,0.54462
2024-02-07,114.225,9395.4198,0.54122
2024-02-08,96.3305,9320.8105,0.53693
2024-02-09,91.6035,9233.6882,0.53191
2024-02-10,96.3424,9170.5514,0.52827
2024-02-11,82.6396,9104.711,0.52448
2024-02-12,77.3552,9008.6995,0.51895
2024-02-13,68.2334,8910.7659,0.51331
2024-02-14,75.6115,8817.9277,0.50796
2024-02-15,67.6372,8734.5894,0.50316
2024-02-16,73.2358,8651.9172,0.49839
2024-02-17,71.2302,8566.693,0.49349
2024-02-18,72.1073,8505.9497,0.48999
2024-02-19,61.7072,8398.8355,0.48382
2024-02-20,63.6765,8295.1618,0.47784
2024-02-21,65.2251,8206.6507,0.47275
2024-02-22,70.2204,8141.8382,0.46901
2024-02-23,67.6682,8061.8359,0.4644
2024-02-24,59.3594,7992.99,0.46044
2024-02-25,63.1113,7949.5063,0.45793
2024-02-26,63.7449,7866.6285,0.45316
2024-02-27,62.6639,7784.9967,0.44846
2024-02-28,60.2947,7693.9372,0.44321
2024-02-29,60.4171,7604.355,0.43805
2024-03-01,61.7208,7514.7562,0.43289
2024-03-02,63.0208,7424.3991,0.42768
2024-03-03,64.7258,7361.0019,0.42403
2024-03-04,73.1058,7267.0101,0.41862
2024-03-05,70.4309,7180.1443,0.41361
2024-03-06,67.1219,7097.0425,0.40883
2024-03-07,60.9336,7011.6735,0.40391
2024-03-08,69.237,6926.5677,0.39901
2024-03-09,80.5226,6869.5966,0.39572
2024-03-10,67.7676,6819.8721,0.39286
2024-03-11,92.765,6770.4502,0.39001
2024-03-12,83.4438,6700.7854,0.386
2024-03-13,63.7949,6602.6901,0.38035
2024-03-14,88.1234,6537.7001,0.37661
2024-03-15,66.3479,6441.6051,0.37107
2024-03-16,60.0622,6355.5571,0.36611
2024-03-17,66.8975,6299.1298,0.36286
2024-03-18,61.3678,6204.737,0.35742
2024-03-19,75.3428,6133.242,0.35331
2024-03-20,68.6795,6046.9944,0.34834
2024-03-21,77.4895,5978.0911,0.34437
2024-03-22,77.2567,5900.9566,0.33993
2024-03-23,63.9602,5823.0707,0.33544
2024-03-24,56.0556,5756.0103,0.33158
2024-03-25,70.352,5700.6055,0.32838
2024-03-26,77.8769,5633.6935,0.32453
2024-03-27,72.6935,5585.3171,0.32174
2024-03-28,65.8098,5555.9018,0.32005
2024-03-29,67.5566,5530.4855,0.31858
2024-03-30,66.3431,5488.0676,0.31614
2024-03-31,77.7799,5469.61,0.31508
2024-04-01,92.9901,5448.7277,0.31387
2024-04-02,139.6123,5459.9654,0.31452
2024-04-03,123.7293,5454.0099,0.31418
2024-04-04,169.2499,5494.1414,0.31649
2024-04-05,148.3559,5503.8725,0.31705
2024-04-06,138.3367,5506.7722,0.31722
2024-04-07,103.2023,5491.0186,0.31631
2024-04-08,96.3625,5464.7578,0.3148
2024-04-09,91.7843,5428.9324,0.31273
2024-04-10,78.4439,5384.7399,0.31019
2024-04-11,70.6237,5318.936,0.3064
2024-04-12,68.5149,5250.139,0.30243
2024-04-13,65.1462,5203.2676,0.29973
2024-04-14,62.7962,5172.0326,0.29794
2024-04-15,65.5029,5115.4044,0.29467
2024-04-16,63.6833,5049.4486,0.29087
2024-04-17,67.7939,4988.4595,0.28736
2024-04-18,84.3318,4958.5183,0.28564
2024-04-19,123.2801,4973.4418,0.2865
2024-04-20,140.7213,5012.8494,0.28877
2024-04-21,173.8553,5103.9111,0.29401
2024-04-22,214.617,5212.0758,0.30024
2024-04-23,192.2103,5271.4577,0.30366
2024-04-24,165.1582,5292.0275,0.30485
2024-04-25,168.2783,5340.3657,0.30763
2024-04-26,175.1971,5399.0839,0.31101
2024-04-27,190.9257,5454.0649,0.31418
2024-04-28,206.1877,5557.9932,0.32017
2024-04-29,303.2062,5672.5099,0.32677
2024-04-30,204.8723,5713.2457,0.32911
2024-05-01,212.0094,5728.2676,0.32998
2024-05-02,230.2367,5733.9931,0.33031
2024-05-03,199.9676,5719.3192,0.32946
2024-05-04,316.4636,5846.9106,0.33681
2024-05-05,350.5125,5974.9895,0.34419
2024-05-06,257.5215,5996.685,0.34544
2024-05-07,205.6961,5991.191,0.34512
2024-05-08,315.6406,6059.5309,0.34906
2024-05-09,468.7315,6257.1765,0.36045
2024-05-10,394.791,6396.5337,0.36847
2024-05-11,293.322,6449.2758,0.37151
2024-05-12,288.9704,6510.7852,0.37505
2024-05-13,335.0649,6619.1441,0.3813
2024-05-14,261.29,6635.1502,0.38222
2024-05-15,374.1213,6760.9183,0.38946
2024-05-16,337.6637,6840.0189,0.39402
2024-05-17,249.148,6850.4438,0.39462
2024-05-18,244.9522,6859.7126,0.39515
2024-05-19,222.4398,6887.0101,0.39673
2024-05-20,207.4624,6869.5331,0.39572
2024-05-21,217.3969,6869.3307,0.39571
2024-05-22,206.367,6869.2968,0.39571
2024-05-23,202.8148,6877.1333,0.39616
2024-05-24,226.8198,6914.9541,0.39834
2024-05-25,242.5528,6961.5539,0.40102
2024-05-26,198.2487,7013.1629,0.40399
2024-05-27,197.1662,6984.3531,0.40233
2024-05-28,269.6042,7077.2288,0.40768
2024-05-29,447.2103,7324.968,0.42196
2024-05-30,359.8396,7451.723,0.42926
2024-05-31,398.2083,7585.1271,0.43694
2024-06-01,274.5629,7642.3048,0.44024
2024-06-02,218.2147,7666.6325,0.44164
2024-06-03,236.1306,7723.7385,0.44493
2024-06-04,571.6545,7994.1339,0.4605
2024-06-05,336.8071,8111.3666,0.46726
2024-06-06,275.4838,8162.7613,0.47022
2024-06-07,230.6997,8190.1539,0.47179
2024-06-08,243.2273,8229.4417,0.47406
2024-06-09,281.9597,8327.4423,0.4797
2024-06-10,277.3958,8438.93,0.48613
2024-06-11,327.9837,8526.3715,0.49116
2024-06-12,229.8933,8555.2273,0.49283
2024-06-13,223.4602,8560.2377,0.49311
2024-06-14,248.33,8626.404,0.49693
2024-06-15,414.0586,8816.6444,0.50788
2024-06-16,643.4042,9166.2584,0.52802
2024-06-17,364.8063,9250.6779,0.53289
2024-06-18,324.2086,9284.8083,0.53485
2024-06-19,341.39,9343.4859,0.53823
2024-06-20,364.5496,9425.0751,0.54293
2024-06-21,307.9083,9477.7955,0.54597
2024-06-22,263.89,9545.6161,0.54988
2024-06-23,388.4812,9638.4529,0.55522
2024-06-24,300.6171,9650.6005,0.55592
2024-06-25,333.4357,9712.793,0.55951
2024-06-26,471.1289,9862.1959,0.56811
2024-06-27,375.3409,9967.5222,0.57418
2024-06-28,383.5687,10023.4427,0.5774
2024-06-29,333.4004,10038.4929,0.57827
2024-06-30,282.2345,10058.5645,0.57943
2024-07-01,279.2014,10069.2069,0.58004
2024-07-02,291.6257,10099.1372,0.58176
2024-07-03,336.6976,10159.4369,0.58524
2024-07-04,340.4586,10220.9998,0.58878
2024-07-05,455.6976,10350.4263,0.59624
2024-07-06,370.4626,10403.0779,0.59927
2024-07-07,294.9432,10426.3233,0.60061
2024-07-08,255.4865,10392.8085,0.59868
2024-07-09,256.4297,10385.3341,0.59825
2024-07-10,220.5442,10348.0544,0.5961
2024-07-11,197.3512,10316.6812,0.59429
2024-07-12,195.5962,10308.7246,0.59384
2024-07-13,222.6924,10328.5581,0.59498
2024-07-14,201.5507,10346.2417,0.596
2024-07-15,209.9344,10346.5535,0.59601
2024-07-16,190.1656,10344.7896,0.59591
2024-07-17,178.2228,10322.2824,0.59462
2024-07-18,170.8678,10299.0797,0.59328
2024-07-19,161.8969,10274.579,0.59187
2024-07-20,156.7885,10251.1665,0.59052
2024-07-21,239.6121,10290.3696,0.59278
2024-07-22,223.5753,10304.6766,0.5936
2024-07-23,204.9414,10296.9929,0.59316
2024-07-24,171.9548,10282.587,0.59233
2024-07-25,180.8059,10262.5496,0.59118
2024-07-26,162.8633,10227.9675,0.58918
2024-07-27,194.5354,10252.4753,0.5906
2024-07-28,286.2973,10346.2813,0.596
2024-07-29,178.0136,10334.1505,0.5953
2024-07-30,209.1985,10323.4963,0.59469
2024-07-31,233.384,10298.7734,0.59326
2024-08-01,180.122,10243.9449,0.5901
2024-08-02,163.2418,10194.9494,0.58728
2024-08-03,146.6647,10154.2629,0.58494
2024-08-04,140.5768,10154.0551,0.58493
2024-08-05,180.8174,10152.2727,0.58487
2024-08-06,199.8445,10165.2472,0.58562
2024-08-07,188.2272,10165.4426,0.58563
2024-08-08,139.8411,10102.1705,0.58198
2024-08-09,173.198,10083.815,0.58092
2024-08-10,177.5235,10080.7154,0.58075
2024-08-11,192.0734,10105.9572,0.5822
2024-08-12,165.8652,10098.5389,0.58177
2024-08-13,218.0229,10120.3867,0.58303
2024-08-14,163.5131,10085.6357,0.58103
2024-08-15,127.2604,10018.7267,0.57718
2024-08-16,150.4067,9995.637,0.57585
2024-08-17,137.5049,9970.0899,0.57437
2024-08-18,108.2923,9943.3579,0.57283
2024-08-19,113.2786,9915.9847,0.57126
2024-08-20,107.0457,9859.5987,0.56801
2024-08-21,101.8732,9805.1776,0.56487
2024-08-22,114.831,9776.5738,0.56322
2024-08-23,150.7389,9794.2425,0.56424
2024-08-24,146.1036,9806.1512,0.56493
2024-08-25,153.8259,9840.0365,0.56688
2024-08-26,122.5982,9801.7078,0.56467
2024-08-27,113.4753,9737.5107,0.56097
2024-08-28,108.8067,9672.7754,0.55725
2024-08-29,132.316,9614.0106,0.55386
2024-08-30,105.5525,9537.9661,0.54948
2024-08-31,94.7496,9463.1214,0.54517
2024-09-01,150.3335,9465.8029,0.54532
2024-09-02,142.7814,9445.2425,0.54414
2024-09-03,129.6537,9410.8543,0.54216
2024-09-04,128.1901,9376.6605,0.54019
2024-09-05,224.2315,9422.0126,0.5428
2024-09-06,111.2906,9359.3729,0.53919
2024-09-07,135.6441,9339.3429,0.53804
2024-09-08,101.8161,9292.5886,0.53534
2024-09-09,94.5996,9211.758,0.53069
2024-09-10,108.768,9148.8939,0.52706
2024-09-11,90.7358,9062.4259,0.52207
2024-09-12,94.5718,9000.9926,0.51853
2024-09-13,128.4324,8973.1997,0.51693
2024-09-14,98.2364,8922.1182,0.51399
2024-09-15,94.7352,8888.815,0.51207
2024-09-16,94.2014,8841.2626,0.50933
2024-09-17,148.5838,8845.2956,0.50956
2024-09-18,93.7963,8788.6573,0.5063
2024-09-19,88.3778,8711.466,0.50185
2024-09-20,91.0321,8648.4899,0.49822
2024-09-21,108.2824,8632.9042,0.49733
2024-09-22,127.2199,8673.2953,0.49965
2024-09-23,168.7034,8710.6004,0.5018
2024-09-24,99.8371,8663.488,0.49909
2024-09-25,109.3274,8631.8026,0.49726
2024-09-26,126.1445,8621.0954,0.49665
2024-09-27,120.36,8592.4928,0.495
2024-09-28,125.8729,8581.5865,0.49437
2024-09-29,196.3982,8665.8474,0.49922
2024-09-30,169.4099,8712.4517,0.50191
2024-10-01,151.6884,8740.5339,0.50353
2024-10-02,149.8391,8767.5978,0.50509
2024-10-03,144.9258,8784.6457,0.50607
2024-10-04,128.2172,8790.0077,0.50638
2024-10-05,150.6457,8822.0788,0.50822
2024-10-06,140.4152,8847.5121,0.50969
2024-10-07,155.0657,8885.1838,0.51186
2024-10-08,192.9965,8944.3732,0.51527
2024-10-09,196.0613,9023.3675,0.51982
2024-10-10,251.5395,9139.0645,0.52648
2024-10-11,171.5983,9163.386,0.52789
2024-10-12,142.2173,9160.8383,0.52774
2024-10-13,172.9362,9219.6387,0.53113
2024-10-14,119.897,9229.259,0.53168
2024-10-15,122.6468,9225.1605,0.53144
2024-10-16,122.4312,9227.5307,0.53158
2024-10-17,125.3456,9236.921,0.53212
2024-10-18,108.7082,9227.3748,0.53157
2024-10-19,136.574,9265.9539,0.53379
2024-10-20,149.082,9311.3988,0.53641
2024-10-21,164.8089,9324.8267,0.53719
2024-10-22,182.9633,9376.6357,0.54017
2024-10-23,186.8152,9423.2979,0.54286
2024-10-24,199.0175,9485.4177,0.54644
2024-10-25,158.0382,9510.7269,0.5479
2024-10-26,132.7202,9522.4008,0.54857
2024-10-27,180.7895,9563.4985,0.55094
2024-10-28,147.3291,9582.1085,0.55201
2024-10-29,120.9809,9581.0428,0.55195
2024-10-30,125.7254,9588.0464,0.55235
2024-10-31,161.2336,9598.1705,0.55293
2024-11-01,155.4253,9606.6515,0.55342
2024-11-02,161.4456,9628.529,0.56087
2024-11-03,144.0031,9662.201,0.56283
2024-11-04,184.7119,9745.2598,0.56767
2024-11-05,181.5468,9786.9531,0.5701
2024-11-06,170.4497,9824.77,0.5723
2024-11-07,190.8565,9888.1765,0.57599
2024-11-08,226.6629,9985.4468,0.58166
2024-11-09,267.8074,10118.3973,0.5894
2024-11-10,365.2265,10368.0725,0.60395
2024-11-11,342.5639,10541.788,0.61406
2024-11-12,293.1473,10645.8467,0.62013
2024-11-13,284.772,10766.6919,0.62712
2024-11-14,331.7015,10906.9688,0.63529
2024-11-15,285.349,11002.9591,0.64088
2024-11-16,279.854,11052.1005,0.64375
2024-11-17,251.3615,11101.7686,0.64664
2024-11-18,236.5986,11125.9821,0.64805
2024-11-19,268.1209,11178.2916,0.6511
2024-11-20,254.0038,11194.7841,0.65206
2024-11-21,317.7031,11295.5755,0.65793
2024-11-22,344.7229,11375.9901,0.66261
2024-11-23,320.9671,11445.0664,0.66664
2024-11-24,299.2352,11484.8522,0.66895
2024-11-25,225.7446,11465.2938,0.66781
2024-11-26,220.411,11462.8125,0.66767
2024-11-27,232.8761,11494.7454,0.66953
2024-11-28,207.6493,11527.7492,0.67145
2024-11-29,190.9641,11527.7797,0.67145
2024-11-30,161.3473,11506.8874,0.67024
2024-12-01,148.7116,11490.9905,0.66931
2024-12-02,152.3429,11480.3312,0.66869
2024-12-03,149.6986,11457.2881,0.66735
2024-12-04,137.071,11425.5105,0.6655
2024-12-05,137.7461,11407.1929,0.66443
2024-12-06,141.2572,11383.1809,0.66303
2024-12-07,139.8147,11364.196,0.66192
2024-12-08,131.7616,11355.0765,0.66139
2024-12-09,117.7703,11331.7936,0.66004
2024-12-10,116.4649,11297.5102,0.65804
2024-12-11,111.7579,11271.4871,0.65652
2024-12-12,109.0603,11250.9509,0.65533
2024-12-13,119.756,11241.8574,0.6548
2024-12-14,117.3887,11238.0177,0.65458
2024-12-15,152.4361,11281.6767,0.65712
2024-12-16,154.5844,11302.6177,0.65834
2024-12-17,125.0093,11307.0512,0.6586
2024-12-18,119.2282,11289.6559,0.65758
2024-12-19,124.7531,11274.3352,0.65669
2024-12-20,111.862,11264.0041,0.65609
2024-12-21,139.7821,11307.8527,0.65864
2024-12-22,154.4648,11374.8182,0.66254
2024-12-23,197.255,11453.9874,0.66715
2024-12-24,154.7881,11478.5889,0.66859
2024-12-25,128.5369,11490.2393,0.66927
2024-12-26,171.6588,11507.7979,0.67029
2024-12-27,184.2488,11538.0257,0.67205
2024-12-28,181.3525,11556.3493,0.67312
2024-12-29,199.1099,11603.8672,0.67588
2024-12-30,208.9205,11645.7887,0.67833
2024-12-31,209.5504,11678.4207,0.68023
